VideoID,Video
0,0.mp4
1,1.mp4
2,2.mp4
3,3.mp4
4,4.mp4
5,5.mp4
6,6.mp4
7,7.mp4
8,8.mp4
9,9.mp4
10,10.mp4
11,11.mp4
12,12.mp4
13,13.mp4
14,14.mp4
15,15.mp4
16,16.mp4
17,17.mp4
18,18.mp4
19,19.mp4
20,20.mp4
21,21.mp4
22,22.mp4
23,23.mp4
24,24.mp4
25,25.mp4
26,26.mp4
27,27.mp4
28,28.mp4
29,29.mp4
30,30.mp4
31,31.mp4
32,32.mp4
33,33.mp4
34,34.mp4
35,35.mp4
36,36.mp4
37,37.mp4
38,38.mp4
39,39.mp4
40,40.mp4
41,41.mp4
42,42.mp4
43,43.mp4
44,44.mp4
45,45.mp4
46,46.mp4
47,47.mp4
48,48.mp4
49,49.mp4
50,50.mp4
51,51.mp4
52,52.mp4
53,53.mp4
54,54.mp4
55,55.mp4
56,56.mp4
57,57.mp4
58,58.mp4
59,59.mp4
60,60.mp4
61,61.mp4
62,62.mp4
63,63.mp4
64,64.mp4
65,65.mp4
66,66.mp4
67,67.mp4
68,68.mp4
69,69.mp4
70,70.mp4
71,71.mp4
72,72.mp4
73,73.mp4
74,74.mp4
75,75.mp4
76,76.mp4
77,77.mp4
78,78.mp4
79,79.mp4
80,80.mp4
81,81.mp4
82,82.mp4
83,83.mp4
84,84.mp4
85,85.mp4
86,86.mp4
87,87.mp4
88,88.mp4
89,89.mp4
90,90.mp4
91,91.mp4
92,92.mp4
93,93.mp4
94,94.mp4
95,95.mp4
96,96.mp4
97,97.mp4
98,98.mp4
99,99.mp4
100,100.mp4
101,101.mp4
102,102.mp4
103,103.mp4
104,104.mp4
105,105.mp4
106,106.mp4
107,107.mp4
108,108.mp4
109,109.mp4
110,110.mp4
111,111.mp4
112,112.mp4
113,113.mp4
114,114.mp4
115,115.mp4
116,116.mp4
117,117.mp4
118,118.mp4
119,119.mp4
120,120.mp4
121,121.mp4
122,122.mp4
123,123.mp4
124,124.mp4
125,125.mp4
126,126.mp4
127,127.mp4
128,128.mp4
129,129.mp4
130,130.mp4
131,131.mp4
132,132.mp4
133,133.mp4
134,134.mp4
135,135.mp4
136,136.mp4
137,137.mp4
138,138.mp4
139,139.mp4
140,140.mp4
141,141.mp4
142,142.mp4
143,143.mp4
144,144.mp4
145,145.mp4
146,146.mp4
147,147.mp4
148,148.mp4
149,149.mp4
150,150.mp4
151,151.mp4
152,152.mp4
153,153.mp4
154,154.mp4
155,155.mp4
156,156.mp4
157,157.mp4
158,158.mp4
159,159.mp4
160,160.mp4
161,161.mp4
162,162.mp4
163,163.mp4
164,164.mp4
165,165.mp4
166,166.mp4
167,167.mp4
168,168.mp4
169,169.mp4
170,170.mp4
171,171.mp4
172,172.mp4
173,173.mp4
174,174.mp4
175,175.mp4
176,176.mp4
177,177.mp4
178,178.mp4
179,179.mp4
180,180.mp4
181,181.mp4
182,182.mp4
183,183.mp4
184,184.mp4
185,185.mp4
186,186.mp4
187,187.mp4
188,188.mp4
189,189.mp4
190,190.mp4
191,191.mp4
192,192.mp4
193,193.mp4
194,194.mp4
195,195.mp4
196,196.mp4
197,197.mp4
198,198.mp4
199,199.mp4
200,200.mp4
201,201.mp4
202,202.mp4
203,203.mp4
204,204.mp4
205,205.mp4
206,206.mp4
207,207.mp4
208,208.mp4
209,209.mp4
210,210.mp4
211,211.mp4
212,212.mp4
213,213.mp4
214,214.mp4
215,215.mp4
216,216.mp4
217,217.mp4
218,218.mp4
219,219.mp4
220,220.mp4
221,221.mp4
222,222.mp4
223,223.mp4
224,224.mp4
225,225.mp4
226,226.mp4
227,227.mp4
228,228.mp4
229,229.mp4
230,230.mp4
231,231.mp4
232,232.mp4
233,233.mp4
234,234.mp4
235,235.mp4
236,236.mp4
237,237.mp4
238,238.mp4
239,239.mp4
240,240.mp4
241,241.mp4
242,242.mp4
243,243.mp4
244,244.mp4
245,245.mp4
246,246.mp4
247,247.mp4
248,248.mp4
249,249.mp4
250,250.mp4
251,251.mp4
252,252.mp4
253,253.mp4
254,254.mp4
255,255.mp4
256,256.mp4
257,257.mp4
258,258.mp4
259,259.mp4
260,260.mp4
261,261.mp4
262,262.mp4
263,263.mp4
264,264.mp4
265,265.mp4
266,266.mp4
267,267.mp4
268,268.mp4
269,269.mp4
270,270.mp4
271,271.mp4
272,272.mp4
273,273.mp4
274,274.mp4
275,275.mp4
276,276.mp4
277,277.mp4
278,278.mp4
279,279.mp4
280,280.mp4
281,281.mp4
282,282.mp4
283,283.mp4
284,284.mp4
285,285.mp4
286,286.mp4
287,287.mp4
288,288.mp4
289,289.mp4
290,290.mp4
291,291.mp4
292,292.mp4
293,293.mp4
294,294.mp4
295,295.mp4
296,296.mp4
297,297.mp4
298,298.mp4
299,299.mp4
300,300.mp4
301,301.mp4
302,302.mp4
303,303.mp4
304,304.mp4
305,305.mp4
306,306.mp4
307,307.mp4
308,308.mp4
309,309.mp4
310,310.mp4
311,311.mp4
312,312.mp4
313,313.mp4
314,314.mp4
315,315.mp4
316,316.mp4
317,317.mp4
318,318.mp4
319,319.mp4
320,320.mp4
321,321.mp4
322,322.mp4
323,323.mp4
324,324.mp4
325,325.mp4
326,326.mp4
327,327.mp4
328,328.mp4
329,329.mp4
330,330.mp4
331,331.mp4
332,332.mp4
333,333.mp4
334,334.mp4
335,335.mp4
336,336.mp4
337,337.mp4
338,338.mp4
339,339.mp4
340,340.mp4
341,341.mp4
342,342.mp4
343,343.mp4
344,344.mp4
345,345.mp4
346,346.mp4
347,347.mp4
348,348.mp4
349,349.mp4
350,350.mp4
351,351.mp4
352,352.mp4
353,353.mp4
354,354.mp4
355,355.mp4
356,356.mp4
357,357.mp4
358,358.mp4
359,359.mp4
360,360.mp4
361,361.mp4
362,362.mp4
363,363.mp4
364,364.mp4
365,365.mp4
366,366.mp4
367,367.mp4
368,368.mp4
369,369.mp4
370,370.mp4
371,371.mp4
372,372.mp4
373,373.mp4
374,374.mp4
375,375.mp4
376,376.mp4
377,377.mp4
378,378.mp4
379,379.mp4
380,380.mp4
381,381.mp4
382,382.mp4
383,383.mp4
384,384.mp4
385,385.mp4
386,386.mp4
387,387.mp4
388,388.mp4
389,389.mp4
390,390.mp4
391,391.mp4
392,392.mp4
393,393.mp4
394,394.mp4
395,395.mp4
396,396.mp4
397,397.mp4
398,398.mp4
399,399.mp4
400,400.mp4
401,401.mp4
402,402.mp4
403,403.mp4
404,404.mp4
405,405.mp4
406,406.mp4
407,407.mp4
408,408.mp4
409,409.mp4
410,410.mp4
411,411.mp4
412,412.mp4
413,413.mp4
414,414.mp4
415,415.mp4
416,416.mp4
417,417.mp4
418,418.mp4
419,419.mp4
420,420.mp4
421,421.mp4
422,422.mp4
423,423.mp4
424,424.mp4
425,425.mp4
426,426.mp4
427,427.mp4
428,428.mp4
429,429.mp4
430,430.mp4
431,431.mp4
432,432.mp4
433,433.mp4
434,434.mp4
435,435.mp4
436,436.mp4
437,437.mp4
438,438.mp4
439,439.mp4
440,440.mp4
441,441.mp4
442,442.mp4
443,443.mp4
444,444.mp4
445,445.mp4
446,446.mp4
447,447.mp4
448,448.mp4
449,449.mp4
450,450.mp4
451,451.mp4
452,452.mp4
453,453.mp4
454,454.mp4
455,455.mp4
456,456.mp4
457,457.mp4
458,458.mp4
459,459.mp4
460,460.mp4
461,461.mp4
462,462.mp4
463,463.mp4
464,464.mp4
465,465.mp4
466,466.mp4
467,467.mp4
468,468.mp4
469,469.mp4
470,470.mp4
471,471.mp4
472,472.mp4
473,473.mp4
474,474.mp4
475,475.mp4
476,476.mp4
477,477.mp4
478,478.mp4
479,479.mp4
480,480.mp4
481,481.mp4
482,482.mp4
483,483.mp4
484,484.mp4
485,485.mp4
486,486.mp4
487,487.mp4
488,488.mp4
489,489.mp4
490,490.mp4
491,491.mp4
492,492.mp4
493,493.mp4
494,494.mp4
495,495.mp4
496,496.mp4
497,497.mp4
498,498.mp4
499,499.mp4
500,500.mp4
501,501.mp4
502,502.mp4
503,503.mp4
504,504.mp4
505,505.mp4
506,506.mp4
507,507.mp4
508,508.mp4
509,509.mp4
510,510.mp4
511,511.mp4
512,512.mp4
513,513.mp4
514,514.mp4
515,515.mp4
516,516.mp4
517,517.mp4
518,518.mp4
519,519.mp4
520,520.mp4
521,521.mp4
522,522.mp4
523,523.mp4
524,524.mp4
525,525.mp4
526,526.mp4
527,527.mp4
528,528.mp4
529,529.mp4
530,530.mp4
531,531.mp4
532,532.mp4
533,533.mp4
534,534.mp4
535,535.mp4
536,536.mp4
537,537.mp4
538,538.mp4
539,539.mp4
540,540.mp4
541,541.mp4
542,542.mp4
543,543.mp4
544,544.mp4
545,545.mp4
546,546.mp4
547,547.mp4
548,548.mp4
549,549.mp4
550,550.mp4
551,551.mp4
552,552.mp4
553,553.mp4
554,554.mp4
555,555.mp4
556,556.mp4
557,557.mp4
558,558.mp4
559,559.mp4
560,560.mp4
561,561.mp4
562,562.mp4
563,563.mp4
564,564.mp4
565,565.mp4
566,566.mp4
567,567.mp4
568,568.mp4
569,569.mp4
570,570.mp4
571,571.mp4
572,572.mp4
573,573.mp4
574,574.mp4
575,575.mp4
576,576.mp4
577,577.mp4
578,578.mp4
579,579.mp4
580,580.mp4
581,581.mp4
582,582.mp4
583,583.mp4
584,584.mp4
585,585.mp4
586,586.mp4
587,587.mp4
588,588.mp4
589,589.mp4
590,590.mp4
591,591.mp4
592,592.mp4
593,593.mp4
594,594.mp4
595,595.mp4
596,596.mp4
597,597.mp4
598,598.mp4
599,599.mp4
600,600.mp4
601,601.mp4
602,602.mp4
603,603.mp4
604,604.mp4
605,605.mp4
606,606.mp4
607,607.mp4
608,608.mp4
609,609.mp4
610,610.mp4
611,611.mp4
612,612.mp4
613,613.mp4
614,614.mp4
615,615.mp4
616,616.mp4
617,617.mp4
618,618.mp4
619,619.mp4
620,620.mp4
621,621.mp4
622,622.mp4
623,623.mp4
624,624.mp4
625,625.mp4
626,626.mp4
627,627.mp4
628,628.mp4
629,629.mp4
630,630.mp4
631,631.mp4
632,632.mp4
633,633.mp4
634,634.mp4
635,635.mp4
636,636.mp4
637,637.mp4
638,638.mp4
639,639.mp4
640,640.mp4
641,641.mp4
642,642.mp4
643,643.mp4
644,644.mp4
645,645.mp4
646,646.mp4
647,647.mp4
648,648.mp4
649,649.mp4
650,650.mp4
651,651.mp4
652,652.mp4
653,653.mp4
654,654.mp4
655,655.mp4
656,656.mp4
657,657.mp4
658,658.mp4
659,659.mp4
660,660.mp4
661,661.mp4
662,662.mp4
663,663.mp4
664,664.mp4
665,665.mp4
666,666.mp4
667,667.mp4
668,668.mp4
669,669.mp4
670,670.mp4
671,671.mp4
672,672.mp4
673,673.mp4
674,674.mp4
675,675.mp4
676,676.mp4
677,677.mp4
678,678.mp4
679,679.mp4
680,680.mp4
681,681.mp4
682,682.mp4
683,683.mp4
684,684.mp4
685,685.mp4
686,686.mp4
687,687.mp4
688,688.mp4
689,689.mp4
690,690.mp4
691,691.mp4
692,692.mp4
693,693.mp4
694,694.mp4
695,695.mp4
696,696.mp4
697,697.mp4
698,698.mp4
699,699.mp4
700,700.mp4
701,701.mp4
702,702.mp4
703,703.mp4
704,704.mp4
705,705.mp4
706,706.mp4
707,707.mp4
708,708.mp4
709,709.mp4
710,710.mp4
711,711.mp4
712,712.mp4
713,713.mp4
714,714.mp4
715,715.mp4
716,716.mp4
717,717.mp4
718,718.mp4
719,719.mp4
720,720.mp4
721,721.mp4
722,722.mp4
723,723.mp4
724,724.mp4
725,725.mp4
726,726.mp4
727,727.mp4
728,728.mp4
729,729.mp4
730,730.mp4
731,731.mp4
732,732.mp4
733,733.mp4
734,734.mp4
735,735.mp4
736,736.mp4
737,737.mp4
738,738.mp4
739,739.mp4
740,740.mp4
741,741.mp4
742,742.mp4
743,743.mp4
744,744.mp4
745,745.mp4
746,746.mp4
747,747.mp4
748,748.mp4
749,749.mp4
750,750.mp4
751,751.mp4
752,752.mp4
753,753.mp4
754,754.mp4
755,755.mp4
756,756.mp4
757,757.mp4
758,758.mp4
759,759.mp4
760,760.mp4
761,761.mp4
762,762.mp4
763,763.mp4
764,764.mp4
765,765.mp4
766,766.mp4
767,767.mp4
768,768.mp4
769,769.mp4
770,770.mp4
771,771.mp4
772,772.mp4
773,773.mp4
774,774.mp4
775,775.mp4
776,776.mp4
777,777.mp4
778,778.mp4
779,779.mp4
780,780.mp4
781,781.mp4
782,782.mp4
783,783.mp4
784,784.mp4
785,785.mp4
786,786.mp4
787,787.mp4
788,788.mp4
789,789.mp4
790,790.mp4
791,791.mp4
792,792.mp4
793,793.mp4
794,794.mp4
795,795.mp4
796,796.mp4
797,797.mp4
798,798.mp4
799,799.mp4
800,800.mp4
801,801.mp4
802,802.mp4
803,803.mp4
804,804.mp4
805,805.mp4
806,806.mp4
807,807.mp4
808,808.mp4
809,809.mp4
810,810.mp4
811,811.mp4
812,812.mp4
813,813.mp4
814,814.mp4
815,815.mp4
816,816.mp4
817,817.mp4
818,818.mp4
819,819.mp4
820,820.mp4
821,821.mp4
822,822.mp4
823,823.mp4
824,824.mp4
825,825.mp4
826,826.mp4
827,827.mp4
828,828.mp4
829,829.mp4
830,830.mp4
831,831.mp4
832,832.mp4
833,833.mp4
834,834.mp4
835,835.mp4
836,836.mp4
837,837.mp4
838,838.mp4
839,839.mp4
840,840.mp4
841,841.mp4
842,842.mp4
843,843.mp4
844,844.mp4
845,845.mp4
846,846.mp4
847,847.mp4
848,848.mp4
849,849.mp4
850,850.mp4
851,851.mp4
852,852.mp4
853,853.mp4
854,854.mp4
855,855.mp4
856,856.mp4
857,857.mp4
858,858.mp4
859,859.mp4
860,860.mp4
861,861.mp4
862,862.mp4
863,863.mp4
864,864.mp4
865,865.mp4
866,866.mp4
867,867.mp4
868,868.mp4
869,869.mp4
870,870.mp4
871,871.mp4
872,872.mp4
873,873.mp4
874,874.mp4
875,875.mp4
876,876.mp4
877,877.mp4
878,878.mp4
879,879.mp4
880,880.mp4
881,881.mp4
882,882.mp4
883,883.mp4
884,884.mp4
885,885.mp4
886,886.mp4
887,887.mp4
888,888.mp4
889,889.mp4
890,890.mp4
891,891.mp4
892,892.mp4
893,893.mp4
894,894.mp4
895,895.mp4
896,896.mp4
897,897.mp4
898,898.mp4
899,899.mp4
900,900.mp4
901,901.mp4
902,902.mp4
903,903.mp4
904,904.mp4
905,905.mp4
906,906.mp4
907,907.mp4
908,908.mp4
909,909.mp4
910,910.mp4
911,911.mp4
912,912.mp4
913,913.mp4
914,914.mp4
915,915.mp4
916,916.mp4
917,917.mp4
918,918.mp4
919,919.mp4
920,920.mp4
921,921.mp4
922,922.mp4
923,923.mp4
924,924.mp4
925,925.mp4
926,926.mp4
927,927.mp4
928,928.mp4
929,929.mp4
930,930.mp4
931,931.mp4
932,932.mp4
933,933.mp4
934,934.mp4
935,935.mp4
936,936.mp4
937,937.mp4
938,938.mp4
939,939.mp4
940,940.mp4
941,941.mp4
942,942.mp4
943,943.mp4
944,944.mp4
945,945.mp4
946,946.mp4
947,947.mp4
948,948.mp4
949,949.mp4
950,950.mp4
951,951.mp4
952,952.mp4
953,953.mp4
954,954.mp4
955,955.mp4
956,956.mp4
957,957.mp4
958,958.mp4
959,959.mp4
960,960.mp4
961,961.mp4
962,962.mp4
963,963.mp4
964,964.mp4
965,965.mp4
966,966.mp4
967,967.mp4
968,968.mp4
969,969.mp4
970,970.mp4
971,971.mp4
972,972.mp4
973,973.mp4
974,974.mp4
975,975.mp4
976,976.mp4
977,977.mp4
978,978.mp4
979,979.mp4
980,980.mp4
981,981.mp4
982,982.mp4
983,983.mp4
984,984.mp4
985,985.mp4
986,986.mp4
987,987.mp4
988,988.mp4
989,989.mp4
990,990.mp4
991,991.mp4
992,992.mp4
993,993.mp4
994,994.mp4
995,995.mp4
996,996.mp4
997,997.mp4
998,998.mp4
999,999.mp4
1000,1000.mp4
1001,1001.mp4
1002,1002.mp4
1003,1003.mp4
1004,1004.mp4
1005,1005.mp4
1006,1006.mp4
1007,1007.mp4
1008,1008.mp4
1009,1009.mp4
1010,1010.mp4
1011,1011.mp4
1012,1012.mp4
1013,1013.mp4
1014,1014.mp4
1015,1015.mp4
1016,1016.mp4
1017,1017.mp4
1018,1018.mp4
1019,1019.mp4
1020,1020.mp4
1021,1021.mp4
1022,1022.mp4
1023,1023.mp4
1024,1024.mp4
1025,1025.mp4
1026,1026.mp4
1027,1027.mp4
1028,1028.mp4
1029,1029.mp4
1030,1030.mp4
1031,1031.mp4
1032,1032.mp4
1033,1033.mp4
1034,1034.mp4
1035,1035.mp4
1036,1036.mp4
1037,1037.mp4
1038,1038.mp4
1039,1039.mp4
1040,1040.mp4
1041,1041.mp4
1042,1042.mp4
1043,1043.mp4
1044,1044.mp4
1045,1045.mp4
1046,1046.mp4
1047,1047.mp4
1048,1048.mp4
1049,1049.mp4
1050,1050.mp4
1051,1051.mp4
1052,1052.mp4
1053,1053.mp4
1054,1054.mp4
1055,1055.mp4
1056,1056.mp4
1057,1057.mp4
1058,1058.mp4
1059,1059.mp4
1060,1060.mp4
1061,1061.mp4
1062,1062.mp4
1063,1063.mp4
1064,1064.mp4
1065,1065.mp4
1066,1066.mp4
1067,1067.mp4
1068,1068.mp4
1069,1069.mp4
1070,1070.mp4
1071,1071.mp4
1072,1072.mp4
1073,1073.mp4
1074,1074.mp4
1075,1075.mp4
1076,1076.mp4
1077,1077.mp4
1078,1078.mp4
1079,1079.mp4
1080,1080.mp4
1081,1081.mp4
1082,1082.mp4
1083,1083.mp4
1084,1084.mp4
1085,1085.mp4
1086,1086.mp4
1087,1087.mp4
1088,1088.mp4
1089,1089.mp4
1090,1090.mp4
1091,1091.mp4
1092,1092.mp4
1093,1093.mp4
1094,1094.mp4
1095,1095.mp4
1096,1096.mp4
1097,1097.mp4
1098,1098.mp4
1099,1099.mp4
1100,1100.mp4
1101,1101.mp4
1102,1102.mp4
1103,1103.mp4
1104,1104.mp4
1105,1105.mp4
1106,1106.mp4
1107,1107.mp4
1108,1108.mp4
1109,1109.mp4
1110,1110.mp4
1111,1111.mp4
1112,1112.mp4
1113,1113.mp4
1114,1114.mp4
1115,1115.mp4
1116,1116.mp4
1117,1117.mp4
1118,1118.mp4
1119,1119.mp4
1120,1120.mp4
1121,1121.mp4
1122,1122.mp4
1123,1123.mp4
1124,1124.mp4
1125,1125.mp4
1126,1126.mp4
1127,1127.mp4
1128,1128.mp4
1129,1129.mp4
1130,1130.mp4
1131,1131.mp4
1132,1132.mp4
1133,1133.mp4
1134,1134.mp4
1135,1135.mp4
1136,1136.mp4
1137,1137.mp4
1138,1138.mp4
1139,1139.mp4
1140,1140.mp4
1141,1141.mp4
1142,1142.mp4
1143,1143.mp4
1144,1144.mp4
1145,1145.mp4
1146,1146.mp4
1147,1147.mp4
1148,1148.mp4
1149,1149.mp4
1150,1150.mp4
1151,1151.mp4
1152,1152.mp4
1153,1153.mp4
1154,1154.mp4
1155,1155.mp4
1156,1156.mp4
1157,1157.mp4
1158,1158.mp4
1159,1159.mp4
1160,1160.mp4
1161,1161.mp4
1162,1162.mp4
1163,1163.mp4
1164,1164.mp4
1165,1165.mp4
1166,1166.mp4
1167,1167.mp4
1168,1168.mp4
1169,1169.mp4
1170,1170.mp4
1171,1171.mp4
1172,1172.mp4
1173,1173.mp4
1174,1174.mp4
1175,1175.mp4
1176,1176.mp4
1177,1177.mp4
1178,1178.mp4
1179,1179.mp4
1180,1180.mp4
1181,1181.mp4
1182,1182.mp4
1183,1183.mp4
1184,1184.mp4
1185,1185.mp4
1186,1186.mp4
1187,1187.mp4
1188,1188.mp4
1189,1189.mp4
1190,1190.mp4
1191,1191.mp4
1192,1192.mp4
1193,1193.mp4
1194,1194.mp4
1195,1195.mp4
1196,1196.mp4
1197,1197.mp4
1198,1198.mp4
1199,1199.mp4
1200,1200.mp4
1201,1201.mp4
1202,1202.mp4
1203,1203.mp4
1204,1204.mp4
1205,1205.mp4
1206,1206.mp4
1207,1207.mp4
1208,1208.mp4
1209,1209.mp4
1210,1210.mp4
1211,1211.mp4
1212,1212.mp4
1213,1213.mp4
1214,1214.mp4
1215,1215.mp4
1216,1216.mp4
1217,1217.mp4
1218,1218.mp4
1219,1219.mp4
1220,1220.mp4
1221,1221.mp4
1222,1222.mp4
1223,1223.mp4
1224,1224.mp4
1225,1225.mp4
1226,1226.mp4
1227,1227.mp4
1228,1228.mp4
1229,1229.mp4
1230,1230.mp4
1231,1231.mp4
1232,1232.mp4
1233,1233.mp4
1234,1234.mp4
1235,1235.mp4
1236,1236.mp4
1237,1237.mp4
1238,1238.mp4
1239,1239.mp4
1240,1240.mp4
1241,1241.mp4
1242,1242.mp4
1243,1243.mp4
1244,1244.mp4
1245,1245.mp4
1246,1246.mp4
1247,1247.mp4
1248,1248.mp4
1249,1249.mp4
1250,1250.mp4
1251,1251.mp4
1252,1252.mp4
1253,1253.mp4
1254,1254.mp4
1255,1255.mp4
1256,1256.mp4
1257,1257.mp4
1258,1258.mp4
1259,1259.mp4
1260,1260.mp4
1261,1261.mp4
1262,1262.mp4
1263,1263.mp4
1264,1264.mp4
1265,1265.mp4
1266,1266.mp4
1267,1267.mp4
1268,1268.mp4
1269,1269.mp4
1270,1270.mp4
1271,1271.mp4
1272,1272.mp4
1273,1273.mp4
1274,1274.mp4
1275,1275.mp4
1276,1276.mp4
1277,1277.mp4
1278,1278.mp4
1279,1279.mp4
1280,1280.mp4
1281,1281.mp4
1282,1282.mp4
1283,1283.mp4
1284,1284.mp4
1285,1285.mp4
1286,1286.mp4
1287,1287.mp4
1288,1288.mp4
1289,1289.mp4
1290,1290.mp4
1291,1291.mp4
1292,1292.mp4
1293,1293.mp4
1294,1294.mp4
1295,1295.mp4
1296,1296.mp4
1297,1297.mp4
1298,1298.mp4
1299,1299.mp4
1300,1300.mp4
1301,1301.mp4
1302,1302.mp4
1303,1303.mp4
1304,1304.mp4
1305,1305.mp4
1306,1306.mp4
1307,1307.mp4
1308,1308.mp4
1309,1309.mp4
1310,1310.mp4
1311,1311.mp4
1312,1312.mp4
1313,1313.mp4
1314,1314.mp4
1315,1315.mp4
1316,1316.mp4
1317,1317.mp4
1318,1318.mp4
1319,1319.mp4
1320,1320.mp4
1321,1321.mp4
1322,1322.mp4
1323,1323.mp4
1324,1324.mp4
1325,1325.mp4
1326,1326.mp4
1327,1327.mp4
1328,1328.mp4
1329,1329.mp4
1330,1330.mp4
1331,1331.mp4
1332,1332.mp4
1333,1333.mp4
1334,1334.mp4
1335,1335.mp4
1336,1336.mp4
1337,1337.mp4
1338,1338.mp4
1339,1339.mp4
1340,1340.mp4
1341,1341.mp4
1342,1342.mp4
1343,1343.mp4
1344,1344.mp4
1345,1345.mp4
1346,1346.mp4
1347,1347.mp4
1348,1348.mp4
1349,1349.mp4
1350,1350.mp4
1351,1351.mp4
1352,1352.mp4
1353,1353.mp4
1354,1354.mp4
1355,1355.mp4
1356,1356.mp4
1357,1357.mp4
1358,1358.mp4
1359,1359.mp4
1360,1360.mp4
1361,1361.mp4
1362,1362.mp4
1363,1363.mp4
1364,1364.mp4
1365,1365.mp4
1366,1366.mp4
1367,1367.mp4
1368,1368.mp4
1369,1369.mp4
1370,1370.mp4
1371,1371.mp4
1372,1372.mp4
1373,1373.mp4
1374,1374.mp4
1375,1375.mp4
1376,1376.mp4
1377,1377.mp4
1378,1378.mp4
1379,1379.mp4
1380,1380.mp4
1381,1381.mp4
1382,1382.mp4
1383,1383.mp4
1384,1384.mp4
1385,1385.mp4
1386,1386.mp4
1387,1387.mp4
1388,1388.mp4
1389,1389.mp4
1390,1390.mp4
1391,1391.mp4
1392,1392.mp4
1393,1393.mp4
1394,1394.mp4
1395,1395.mp4
1396,1396.mp4
1397,1397.mp4
1398,1398.mp4
1399,1399.mp4
1400,1400.mp4
1401,1401.mp4
1402,1402.mp4
1403,1403.mp4
1404,1404.mp4
1405,1405.mp4
1406,1406.mp4
1407,1407.mp4
1408,1408.mp4
1409,1409.mp4
1410,1410.mp4
1411,1411.mp4
1412,1412.mp4
1413,1413.mp4
1414,1414.mp4
1415,1415.mp4
1416,1416.mp4
1417,1417.mp4
1418,1418.mp4
1419,1419.mp4
1420,1420.mp4
1421,1421.mp4
1422,1422.mp4
1423,1423.mp4
1424,1424.mp4
1425,1425.mp4
1426,1426.mp4
1427,1427.mp4
1428,1428.mp4
1429,1429.mp4
1430,1430.mp4
1431,1431.mp4
1432,1432.mp4
1433,1433.mp4
1434,1434.mp4
1435,1435.mp4
1436,1436.mp4
1437,1437.mp4
1438,1438.mp4
1439,1439.mp4
1440,1440.mp4
1441,1441.mp4
1442,1442.mp4
1443,1443.mp4
1444,1444.mp4
1445,1445.mp4
1446,1446.mp4
1447,1447.mp4
1448,1448.mp4
1449,1449.mp4
1450,1450.mp4
1451,1451.mp4
1452,1452.mp4
1453,1453.mp4
1454,1454.mp4
1455,1455.mp4
1456,1456.mp4
1457,1457.mp4
1458,1458.mp4
1459,1459.mp4
1460,1460.mp4
1461,1461.mp4
1462,1462.mp4
1463,1463.mp4
1464,1464.mp4
1465,1465.mp4
1466,1466.mp4
1467,1467.mp4
1468,1468.mp4
1469,1469.mp4
1470,1470.mp4
1471,1471.mp4
1472,1472.mp4
1473,1473.mp4
1474,1474.mp4
1475,1475.mp4
1476,1476.mp4
1477,1477.mp4
1478,1478.mp4
1479,1479.mp4
1480,1480.mp4
1481,1481.mp4
1482,1482.mp4
1483,1483.mp4
1484,1484.mp4
1485,1485.mp4
1486,1486.mp4
1487,1487.mp4
1488,1488.mp4
1489,1489.mp4
1490,1490.mp4
1491,1491.mp4
1492,1492.mp4
1493,1493.mp4
1494,1494.mp4
1495,1495.mp4
1496,1496.mp4
1497,1497.mp4
1498,1498.mp4
1499,1499.mp4
1500,1500.mp4
1501,1501.mp4
1502,1502.mp4
1503,1503.mp4
1504,1504.mp4
1505,1505.mp4
1506,1506.mp4
1507,1507.mp4
1508,1508.mp4
1509,1509.mp4
1510,1510.mp4
1511,1511.mp4
1512,1512.mp4
1513,1513.mp4
1514,1514.mp4
1515,1515.mp4
1516,1516.mp4
1517,1517.mp4
1518,1518.mp4
1519,1519.mp4
1520,1520.mp4
1521,1521.mp4
1522,1522.mp4
1523,1523.mp4
1524,1524.mp4
1525,1525.mp4
1526,1526.mp4
1527,1527.mp4
1528,1528.mp4
1529,1529.mp4
1530,1530.mp4
1531,1531.mp4
1532,1532.mp4
1533,1533.mp4
1534,1534.mp4
1535,1535.mp4
1536,1536.mp4
1537,1537.mp4
1538,1538.mp4
1539,1539.mp4
1540,1540.mp4
1541,1541.mp4
1542,1542.mp4
1543,1543.mp4
1544,1544.mp4
1545,1545.mp4
1546,1546.mp4
1547,1547.mp4
1548,1548.mp4
1549,1549.mp4
1550,1550.mp4
1551,1551.mp4
1552,1552.mp4
1553,1553.mp4
1554,1554.mp4
1555,1555.mp4
1556,1556.mp4
1557,1557.mp4
1558,1558.mp4
1559,1559.mp4
1560,1560.mp4
1561,1561.mp4
1562,1562.mp4
1563,1563.mp4
1564,1564.mp4
1565,1565.mp4
1566,1566.mp4
1567,1567.mp4
1568,1568.mp4
1569,1569.mp4
1570,1570.mp4
1571,1571.mp4
1572,1572.mp4
1573,1573.mp4
1574,1574.mp4
1575,1575.mp4
1576,1576.mp4
1577,1577.mp4
1578,1578.mp4
1579,1579.mp4
1580,1580.mp4
1581,1581.mp4
1582,1582.mp4
1583,1583.mp4
1584,1584.mp4
1585,1585.mp4
1586,1586.mp4
1587,1587.mp4
1588,1588.mp4
1589,1589.mp4
1590,1590.mp4
1591,1591.mp4
1592,1592.mp4
1593,1593.mp4
1594,1594.mp4
1595,1595.mp4
1596,1596.mp4
1597,1597.mp4
1598,1598.mp4
1599,1599.mp4
1600,1600.mp4
1601,1601.mp4
1602,1602.mp4
1603,1603.mp4
1604,1604.mp4
1605,1605.mp4
1606,1606.mp4
1607,1607.mp4
1608,1608.mp4
1609,1609.mp4
1610,1610.mp4
1611,1611.mp4
1612,1612.mp4
1613,1613.mp4
1614,1614.mp4
1615,1615.mp4
1616,1616.mp4
1617,1617.mp4
1618,1618.mp4
1619,1619.mp4
1620,1620.mp4
1621,1621.mp4
1622,1622.mp4
1623,1623.mp4
1624,1624.mp4
1625,1625.mp4
1626,1626.mp4
1627,1627.mp4
1628,1628.mp4
1629,1629.mp4
1630,1630.mp4
1631,1631.mp4
1632,1632.mp4
1633,1633.mp4
1634,1634.mp4
1635,1635.mp4
1636,1636.mp4
1637,1637.mp4
1638,1638.mp4
1639,1639.mp4
1640,1640.mp4
1641,1641.mp4
1642,1642.mp4
1643,1643.mp4
1644,1644.mp4
1645,1645.mp4
1646,1646.mp4
1647,1647.mp4
1648,1648.mp4
1649,1649.mp4
1650,1650.mp4
1651,1651.mp4
1652,1652.mp4
1653,1653.mp4
1654,1654.mp4
1655,1655.mp4
1656,1656.mp4
1657,1657.mp4
1658,1658.mp4
1659,1659.mp4
1660,1660.mp4
1661,1661.mp4
1662,1662.mp4
1663,1663.mp4
1664,1664.mp4
1665,1665.mp4
1666,1666.mp4
1667,1667.mp4
1668,1668.mp4
1669,1669.mp4
1670,1670.mp4
1671,1671.mp4
1672,1672.mp4
1673,1673.mp4
1674,1674.mp4
1675,1675.mp4
1676,1676.mp4
1677,1677.mp4
1678,1678.mp4
1679,1679.mp4
1680,1680.mp4
1681,1681.mp4
1682,1682.mp4
1683,1683.mp4
1684,1684.mp4
1685,1685.mp4
1686,1686.mp4
1687,1687.mp4
1688,1688.mp4
1689,1689.mp4
1690,1690.mp4
1691,1691.mp4
1692,1692.mp4
1693,1693.mp4
1694,1694.mp4
1695,1695.mp4
1696,1696.mp4
1697,1697.mp4
1698,1698.mp4
1699,1699.mp4
1700,1700.mp4
1701,1701.mp4
1702,1702.mp4
1703,1703.mp4
1704,1704.mp4
1705,1705.mp4
1706,1706.mp4
1707,1707.mp4
1708,1708.mp4
1709,1709.mp4
1710,1710.mp4
1711,1711.mp4
1712,1712.mp4
1713,1713.mp4
1714,1714.mp4
1715,1715.mp4
1716,1716.mp4
1717,1717.mp4
1718,1718.mp4
1719,1719.mp4
1720,1720.mp4
1721,1721.mp4
1722,1722.mp4
1723,1723.mp4
1724,1724.mp4
1725,1725.mp4
1726,1726.mp4
1727,1727.mp4
1728,1728.mp4
1729,1729.mp4
1730,1730.mp4
1731,1731.mp4
1732,1732.mp4
1733,1733.mp4
1734,1734.mp4
1735,1735.mp4
1736,1736.mp4
1737,1737.mp4
1738,1738.mp4
1739,1739.mp4
1740,1740.mp4
1741,1741.mp4
1742,1742.mp4
1743,1743.mp4
1744,1744.mp4
1745,1745.mp4
1746,1746.mp4
1747,1747.mp4
1748,1748.mp4
1749,1749.mp4
1750,1750.mp4
1751,1751.mp4
1752,1752.mp4
1753,1753.mp4
1754,1754.mp4
1755,1755.mp4
1756,1756.mp4
1757,1757.mp4
1758,1758.mp4
1759,1759.mp4
1760,1760.mp4
1761,1761.mp4
1762,1762.mp4
1763,1763.mp4
1764,1764.mp4
1765,1765.mp4
1766,1766.mp4
1767,1767.mp4
1768,1768.mp4
1769,1769.mp4
1770,1770.mp4
1771,1771.mp4
1772,1772.mp4
1773,1773.mp4
1774,1774.mp4
1775,1775.mp4
1776,1776.mp4
1777,1777.mp4
1778,1778.mp4
1779,1779.mp4
1780,1780.mp4
1781,1781.mp4
1782,1782.mp4
1783,1783.mp4
1784,1784.mp4
1785,1785.mp4
1786,1786.mp4
1787,1787.mp4
1788,1788.mp4
1789,1789.mp4
1790,1790.mp4
1791,1791.mp4
1792,1792.mp4
1793,1793.mp4
1794,1794.mp4
1795,1795.mp4
1796,1796.mp4
1797,1797.mp4
1798,1798.mp4
1799,1799.mp4
1800,1800.mp4
1801,1801.mp4
1802,1802.mp4
1803,1803.mp4
1804,1804.mp4
1805,1805.mp4
1806,1806.mp4
1807,1807.mp4
1808,1808.mp4
1809,1809.mp4
1810,1810.mp4
1811,1811.mp4
1812,1812.mp4
1813,1813.mp4
1814,1814.mp4
1815,1815.mp4
1816,1816.mp4
1817,1817.mp4
1818,1818.mp4
1819,1819.mp4
1820,1820.mp4
1821,1821.mp4
1822,1822.mp4
1823,1823.mp4
1824,1824.mp4
1825,1825.mp4
1826,1826.mp4
1827,1827.mp4
1828,1828.mp4
1829,1829.mp4
1830,1830.mp4
1831,1831.mp4
1832,1832.mp4
1833,1833.mp4
1834,1834.mp4
1835,1835.mp4
1836,1836.mp4
1837,1837.mp4
1838,1838.mp4
1839,1839.mp4
1840,1840.mp4
1841,1841.mp4
1842,1842.mp4
1843,1843.mp4
1844,1844.mp4
1845,1845.mp4
1846,1846.mp4
1847,1847.mp4
1848,1848.mp4
1849,1849.mp4
1850,1850.mp4
1851,1851.mp4
1852,1852.mp4
1853,1853.mp4
1854,1854.mp4
1855,1855.mp4
1856,1856.mp4
1857,1857.mp4
1858,1858.mp4
1859,1859.mp4
1860,1860.mp4
1861,1861.mp4
1862,1862.mp4
1863,1863.mp4
1864,1864.mp4
1865,1865.mp4
1866,1866.mp4
1867,1867.mp4
1868,1868.mp4
1869,1869.mp4
1870,1870.mp4
1871,1871.mp4
1872,1872.mp4
1873,1873.mp4
1874,1874.mp4
1875,1875.mp4
1876,1876.mp4
1877,1877.mp4
1878,1878.mp4
1879,1879.mp4
1880,1880.mp4
1881,1881.mp4
1882,1882.mp4
1883,1883.mp4
1884,1884.mp4
1885,1885.mp4
1886,1886.mp4
1887,1887.mp4
1888,1888.mp4
1889,1889.mp4
1890,1890.mp4
1891,1891.mp4
1892,1892.mp4
1893,1893.mp4
1894,1894.mp4
1895,1895.mp4
1896,1896.mp4
1897,1897.mp4
1898,1898.mp4
1899,1899.mp4
1900,1900.mp4
1901,1901.mp4
1902,1902.mp4
1903,1903.mp4
1904,1904.mp4
1905,1905.mp4
1906,1906.mp4
1907,1907.mp4
1908,1908.mp4
1909,1909.mp4
1910,1910.mp4
1911,1911.mp4
1912,1912.mp4
1913,1913.mp4
1914,1914.mp4
1915,1915.mp4
1916,1916.mp4
1917,1917.mp4
1918,1918.mp4
1919,1919.mp4
1920,1920.mp4
1921,1921.mp4
1922,1922.mp4
1923,1923.mp4
1924,1924.mp4
1925,1925.mp4
1926,1926.mp4
1927,1927.mp4
1928,1928.mp4
1929,1929.mp4
1930,1930.mp4
1931,1931.mp4
1932,1932.mp4
1933,1933.mp4
1934,1934.mp4
1935,1935.mp4
1936,1936.mp4
1937,1937.mp4
1938,1938.mp4
1939,1939.mp4
1940,1940.mp4
1941,1941.mp4
1942,1942.mp4
1943,1943.mp4
1944,1944.mp4
1945,1945.mp4
1946,1946.mp4
1947,1947.mp4
1948,1948.mp4
1949,1949.mp4
1950,1950.mp4
1951,1951.mp4
1952,1952.mp4
1953,1953.mp4
1954,1954.mp4
1955,1955.mp4
1956,1956.mp4
1957,1957.mp4
1958,1958.mp4
1959,1959.mp4
1960,1960.mp4
1961,1961.mp4
1962,1962.mp4
1963,1963.mp4
1964,1964.mp4
1965,1965.mp4
1966,1966.mp4
1967,1967.mp4
1968,1968.mp4
1969,1969.mp4
1970,1970.mp4
1971,1971.mp4
1972,1972.mp4
1973,1973.mp4
1974,1974.mp4
1975,1975.mp4
1976,1976.mp4
1977,1977.mp4
1978,1978.mp4
1979,1979.mp4
1980,1980.mp4
1981,1981.mp4
1982,1982.mp4
1983,1983.mp4
1984,1984.mp4
1985,1985.mp4
1986,1986.mp4
1987,1987.mp4
1988,1988.mp4
1989,1989.mp4
1990,1990.mp4
1991,1991.mp4
1992,1992.mp4
1993,1993.mp4
1994,1994.mp4
1995,1995.mp4
1996,1996.mp4
1997,1997.mp4
1998,1998.mp4
1999,1999.mp4
2000,2000.mp4
2001,2001.mp4
2002,2002.mp4
2003,2003.mp4
2004,2004.mp4
2005,2005.mp4
2006,2006.mp4
2007,2007.mp4
2008,2008.mp4
2009,2009.mp4
2010,2010.mp4
2011,2011.mp4
2012,2012.mp4
2013,2013.mp4
2014,2014.mp4
2015,2015.mp4
2016,2016.mp4
2017,2017.mp4
2018,2018.mp4
2019,2019.mp4
2020,2020.mp4
2021,2021.mp4
2022,2022.mp4
2023,2023.mp4
2024,2024.mp4
2025,2025.mp4
2026,2026.mp4
2027,2027.mp4
2028,2028.mp4
2029,2029.mp4
2030,2030.mp4
2031,2031.mp4
2032,2032.mp4
2033,2033.mp4
2034,2034.mp4
2035,2035.mp4
2036,2036.mp4
2037,2037.mp4
2038,2038.mp4
2039,2039.mp4
2040,2040.mp4
2041,2041.mp4
2042,2042.mp4
2043,2043.mp4
2044,2044.mp4
2045,2045.mp4
2046,2046.mp4
2047,2047.mp4
2048,2048.mp4
2049,2049.mp4
2050,2050.mp4
2051,2051.mp4
2052,2052.mp4
2053,2053.mp4
2054,2054.mp4
2055,2055.mp4
2056,2056.mp4
2057,2057.mp4
2058,2058.mp4
2059,2059.mp4
2060,2060.mp4
2061,2061.mp4
2062,2062.mp4
2063,2063.mp4
2064,2064.mp4
2065,2065.mp4
2066,2066.mp4
2067,2067.mp4
2068,2068.mp4
2069,2069.mp4
2070,2070.mp4
2071,2071.mp4
2072,2072.mp4
2073,2073.mp4
2074,2074.mp4
2075,2075.mp4
2076,2076.mp4
2077,2077.mp4
2078,2078.mp4
2079,2079.mp4
2080,2080.mp4
2081,2081.mp4
2082,2082.mp4
2083,2083.mp4
2084,2084.mp4
2085,2085.mp4
2086,2086.mp4
2087,2087.mp4
2088,2088.mp4
2089,2089.mp4
2090,2090.mp4
2091,2091.mp4
2092,2092.mp4
2093,2093.mp4
2094,2094.mp4
2095,2095.mp4
2096,2096.mp4
2097,2097.mp4
2098,2098.mp4
2099,2099.mp4
2100,2100.mp4
2101,2101.mp4
2102,2102.mp4
2103,2103.mp4
2104,2104.mp4
2105,2105.mp4
2106,2106.mp4
2107,2107.mp4
2108,2108.mp4
2109,2109.mp4
2110,2110.mp4
2111,2111.mp4
2112,2112.mp4
2113,2113.mp4
2114,2114.mp4
2115,2115.mp4
2116,2116.mp4
2117,2117.mp4
2118,2118.mp4
2119,2119.mp4
2120,2120.mp4
2121,2121.mp4
2122,2122.mp4
2123,2123.mp4
2124,2124.mp4
2125,2125.mp4
2126,2126.mp4
2127,2127.mp4
2128,2128.mp4
2129,2129.mp4
2130,2130.mp4
2131,2131.mp4
2132,2132.mp4
2133,2133.mp4
2134,2134.mp4
2135,2135.mp4
2136,2136.mp4
2137,2137.mp4
2138,2138.mp4
2139,2139.mp4
2140,2140.mp4
2141,2141.mp4
2142,2142.mp4
2143,2143.mp4
2144,2144.mp4
2145,2145.mp4
2146,2146.mp4
2147,2147.mp4
2148,2148.mp4
2149,2149.mp4
2150,2150.mp4
2151,2151.mp4
2152,2152.mp4
2153,2153.mp4
2154,2154.mp4
2155,2155.mp4
2156,2156.mp4
2157,2157.mp4
2158,2158.mp4
2159,2159.mp4
2160,2160.mp4
2161,2161.mp4
2162,2162.mp4
2163,2163.mp4
2164,2164.mp4
2165,2165.mp4
2166,2166.mp4
2167,2167.mp4
2168,2168.mp4
2169,2169.mp4
2170,2170.mp4
2171,2171.mp4
2172,2172.mp4
2173,2173.mp4
2174,2174.mp4
2175,2175.mp4
2176,2176.mp4
2177,2177.mp4
2178,2178.mp4
2179,2179.mp4
2180,2180.mp4
2181,2181.mp4
2182,2182.mp4
2183,2183.mp4
2184,2184.mp4
2185,2185.mp4
2186,2186.mp4
2187,2187.mp4
2188,2188.mp4
2189,2189.mp4
2190,2190.mp4
2191,2191.mp4
2192,2192.mp4
2193,2193.mp4
2194,2194.mp4
2195,2195.mp4
2196,2196.mp4
2197,2197.mp4
2198,2198.mp4
2199,2199.mp4
2200,2200.mp4
2201,2201.mp4
2202,2202.mp4
2203,2203.mp4
2204,2204.mp4
2205,2205.mp4
2206,2206.mp4
2207,2207.mp4
2208,2208.mp4
2209,2209.mp4
2210,2210.mp4
2211,2211.mp4
2212,2212.mp4
2213,2213.mp4
2214,2214.mp4
2215,2215.mp4
2216,2216.mp4
2217,2217.mp4
2218,2218.mp4
2219,2219.mp4
2220,2220.mp4
2221,2221.mp4
2222,2222.mp4
2223,2223.mp4
2224,2224.mp4
2225,2225.mp4
2226,2226.mp4
2227,2227.mp4
2228,2228.mp4
2229,2229.mp4
2230,2230.mp4
2231,2231.mp4
2232,2232.mp4
2233,2233.mp4
2234,2234.mp4
2235,2235.mp4
2236,2236.mp4
2237,2237.mp4
2238,2238.mp4
2239,2239.mp4
2240,2240.mp4
2241,2241.mp4
2242,2242.mp4
2243,2243.mp4
2244,2244.mp4
2245,2245.mp4
2246,2246.mp4
2247,2247.mp4
2248,2248.mp4
2249,2249.mp4
2250,2250.mp4
2251,2251.mp4
2252,2252.mp4
2253,2253.mp4
2254,2254.mp4
2255,2255.mp4
2256,2256.mp4
2257,2257.mp4
2258,2258.mp4
2259,2259.mp4
2260,2260.mp4
2261,2261.mp4
2262,2262.mp4
2263,2263.mp4
2264,2264.mp4
2265,2265.mp4
2266,2266.mp4
2267,2267.mp4
2268,2268.mp4
2269,2269.mp4
2270,2270.mp4
2271,2271.mp4
2272,2272.mp4
2273,2273.mp4
2274,2274.mp4
2275,2275.mp4
2276,2276.mp4
2277,2277.mp4
2278,2278.mp4
2279,2279.mp4
2280,2280.mp4
2281,2281.mp4
2282,2282.mp4
2283,2283.mp4
2284,2284.mp4
2285,2285.mp4
2286,2286.mp4
2287,2287.mp4
2288,2288.mp4
2289,2289.mp4
2290,2290.mp4
2291,2291.mp4
2292,2292.mp4
2293,2293.mp4
2294,2294.mp4
2295,2295.mp4
2296,2296.mp4
2297,2297.mp4
2298,2298.mp4
2299,2299.mp4
2300,2300.mp4
2301,2301.mp4
2302,2302.mp4
2303,2303.mp4
2304,2304.mp4
2305,2305.mp4
2306,2306.mp4
2307,2307.mp4
2308,2308.mp4
2309,2309.mp4
2310,2310.mp4
2311,2311.mp4
2312,2312.mp4
2313,2313.mp4
2314,2314.mp4
2315,2315.mp4
2316,2316.mp4
2317,2317.mp4
2318,2318.mp4
2319,2319.mp4
2320,2320.mp4
2321,2321.mp4
2322,2322.mp4
2323,2323.mp4
2324,2324.mp4
2325,2325.mp4
2326,2326.mp4
2327,2327.mp4
2328,2328.mp4
2329,2329.mp4
2330,2330.mp4
2331,2331.mp4
2332,2332.mp4
2333,2333.mp4
2334,2334.mp4
2335,2335.mp4
2336,2336.mp4
2337,2337.mp4
2338,2338.mp4
2339,2339.mp4
2340,2340.mp4
2341,2341.mp4
2342,2342.mp4
2343,2343.mp4
2344,2344.mp4
2345,2345.mp4
2346,2346.mp4
2347,2347.mp4
2348,2348.mp4
2349,2349.mp4
2350,2350.mp4
2351,2351.mp4
2352,2352.mp4
2353,2353.mp4
2354,2354.mp4
2355,2355.mp4
2356,2356.mp4
2357,2357.mp4
2358,2358.mp4
2359,2359.mp4
2360,2360.mp4
2361,2361.mp4
2362,2362.mp4
2363,2363.mp4
2364,2364.mp4
2365,2365.mp4
2366,2366.mp4
2367,2367.mp4
2368,2368.mp4
2369,2369.mp4
2370,2370.mp4
2371,2371.mp4
2372,2372.mp4
2373,2373.mp4
2374,2374.mp4
2375,2375.mp4
2376,2376.mp4
2377,2377.mp4
2378,2378.mp4
2379,2379.mp4
2380,2380.mp4
2381,2381.mp4
2382,2382.mp4
2383,2383.mp4
2384,2384.mp4
2385,2385.mp4
2386,2386.mp4
2387,2387.mp4
2388,2388.mp4
2389,2389.mp4
2390,2390.mp4
2391,2391.mp4
2392,2392.mp4
2393,2393.mp4
2394,2394.mp4
2395,2395.mp4
2396,2396.mp4
2397,2397.mp4
2398,2398.mp4
2399,2399.mp4
2400,2400.mp4
2401,2401.mp4
2402,2402.mp4
2403,2403.mp4
2404,2404.mp4
2405,2405.mp4
2406,2406.mp4
2407,2407.mp4
2408,2408.mp4
2409,2409.mp4
2410,2410.mp4
2411,2411.mp4
2412,2412.mp4
2413,2413.mp4
2414,2414.mp4
2415,2415.mp4
2416,2416.mp4
2417,2417.mp4
2418,2418.mp4
2419,2419.mp4
2420,2420.mp4
2421,2421.mp4
2422,2422.mp4
2423,2423.mp4
2424,2424.mp4
2425,2425.mp4
2426,2426.mp4
2427,2427.mp4
2428,2428.mp4
2429,2429.mp4
2430,2430.mp4
2431,2431.mp4
2432,2432.mp4
2433,2433.mp4
2434,2434.mp4
2435,2435.mp4
2436,2436.mp4
2437,2437.mp4
2438,2438.mp4
2439,2439.mp4
2440,2440.mp4
2441,2441.mp4
2442,2442.mp4
2443,2443.mp4
2444,2444.mp4
2445,2445.mp4
2446,2446.mp4
2447,2447.mp4
2448,2448.mp4
2449,2449.mp4
2450,2450.mp4
2451,2451.mp4
2452,2452.mp4
2453,2453.mp4
2454,2454.mp4
2455,2455.mp4
2456,2456.mp4
2457,2457.mp4
2458,2458.mp4
2459,2459.mp4
2460,2460.mp4
2461,2461.mp4
2462,2462.mp4
2463,2463.mp4
2464,2464.mp4
2465,2465.mp4
2466,2466.mp4
2467,2467.mp4
2468,2468.mp4
2469,2469.mp4
2470,2470.mp4
2471,2471.mp4
2472,2472.mp4
2473,2473.mp4
2474,2474.mp4
2475,2475.mp4
2476,2476.mp4
2477,2477.mp4
2478,2478.mp4
2479,2479.mp4
2480,2480.mp4
2481,2481.mp4
2482,2482.mp4
2483,2483.mp4
2484,2484.mp4
2485,2485.mp4
2486,2486.mp4
2487,2487.mp4
2488,2488.mp4
2489,2489.mp4
2490,2490.mp4
2491,2491.mp4
2492,2492.mp4
2493,2493.mp4
2494,2494.mp4
2495,2495.mp4
2496,2496.mp4
2497,2497.mp4
2498,2498.mp4
2499,2499.mp4
2500,2500.mp4
2501,2501.mp4
2502,2502.mp4
2503,2503.mp4
2504,2504.mp4
2505,2505.mp4
2506,2506.mp4
2507,2507.mp4
2508,2508.mp4
2509,2509.mp4
2510,2510.mp4
2511,2511.mp4
2512,2512.mp4
2513,2513.mp4
2514,2514.mp4
2515,2515.mp4
2516,2516.mp4
2517,2517.mp4
2518,2518.mp4
2519,2519.mp4
2520,2520.mp4
2521,2521.mp4
2522,2522.mp4
2523,2523.mp4
2524,2524.mp4
2525,2525.mp4
2526,2526.mp4
2527,2527.mp4
2528,2528.mp4
2529,2529.mp4
2530,2530.mp4
2531,2531.mp4
2532,2532.mp4
2533,2533.mp4
2534,2534.mp4
2535,2535.mp4
2536,2536.mp4
2537,2537.mp4
2538,2538.mp4
2539,2539.mp4
2540,2540.mp4
2541,2541.mp4
2542,2542.mp4
2543,2543.mp4
2544,2544.mp4
2545,2545.mp4
2546,2546.mp4
2547,2547.mp4
2548,2548.mp4
2549,2549.mp4
2550,2550.mp4
2551,2551.mp4
2552,2552.mp4
2553,2553.mp4
2554,2554.mp4
2555,2555.mp4
2556,2556.mp4
2557,2557.mp4
2558,2558.mp4
2559,2559.mp4
2560,2560.mp4
2561,2561.mp4
2562,2562.mp4
2563,2563.mp4
2564,2564.mp4
2565,2565.mp4
2566,2566.mp4
2567,2567.mp4
2568,2568.mp4
2569,2569.mp4
2570,2570.mp4
2571,2571.mp4
2572,2572.mp4
2573,2573.mp4
2574,2574.mp4
2575,2575.mp4
2576,2576.mp4
2577,2577.mp4
2578,2578.mp4
2579,2579.mp4
2580,2580.mp4
2581,2581.mp4
2582,2582.mp4
2583,2583.mp4
2584,2584.mp4
2585,2585.mp4
2586,2586.mp4
2587,2587.mp4
2588,2588.mp4
2589,2589.mp4
2590,2590.mp4
2591,2591.mp4
2592,2592.mp4
2593,2593.mp4
2594,2594.mp4
2595,2595.mp4
2596,2596.mp4
2597,2597.mp4
2598,2598.mp4
2599,2599.mp4
2600,2600.mp4
2601,2601.mp4
2602,2602.mp4
2603,2603.mp4
2604,2604.mp4
2605,2605.mp4
2606,2606.mp4
2607,2607.mp4
2608,2608.mp4
2609,2609.mp4
2610,2610.mp4
2611,2611.mp4
2612,2612.mp4
2613,2613.mp4
2614,2614.mp4
2615,2615.mp4
2616,2616.mp4
2617,2617.mp4
2618,2618.mp4
2619,2619.mp4
2620,2620.mp4
2621,2621.mp4
2622,2622.mp4
2623,2623.mp4
2624,2624.mp4
2625,2625.mp4
2626,2626.mp4
2627,2627.mp4
2628,2628.mp4
2629,2629.mp4
2630,2630.mp4
2631,2631.mp4
2632,2632.mp4
2633,2633.mp4
2634,2634.mp4
2635,2635.mp4
2636,2636.mp4
2637,2637.mp4
2638,2638.mp4
2639,2639.mp4
2640,2640.mp4
2641,2641.mp4
2642,2642.mp4
2643,2643.mp4
2644,2644.mp4
2645,2645.mp4
2646,2646.mp4
2647,2647.mp4
2648,2648.mp4
2649,2649.mp4
2650,2650.mp4
2651,2651.mp4
2652,2652.mp4
2653,2653.mp4
2654,2654.mp4
2655,2655.mp4
2656,2656.mp4
2657,2657.mp4
2658,2658.mp4
2659,2659.mp4
2660,2660.mp4
2661,2661.mp4
2662,2662.mp4
2663,2663.mp4
2664,2664.mp4
2665,2665.mp4
2666,2666.mp4
2667,2667.mp4
2668,2668.mp4
2669,2669.mp4
2670,2670.mp4
2671,2671.mp4
2672,2672.mp4
2673,2673.mp4
2674,2674.mp4
2675,2675.mp4
2676,2676.mp4
2677,2677.mp4
2678,2678.mp4
2679,2679.mp4
2680,2680.mp4
2681,2681.mp4
2682,2682.mp4
2683,2683.mp4
2684,2684.mp4
2685,2685.mp4
2686,2686.mp4
2687,2687.mp4
2688,2688.mp4
2689,2689.mp4
2690,2690.mp4
2691,2691.mp4
2692,2692.mp4
2693,2693.mp4
2694,2694.mp4
2695,2695.mp4
2696,2696.mp4
2697,2697.mp4
2698,2698.mp4
2699,2699.mp4
2700,2700.mp4
2701,2701.mp4
2702,2702.mp4
2703,2703.mp4
2704,2704.mp4
2705,2705.mp4
2706,2706.mp4
2707,2707.mp4
2708,2708.mp4
2709,2709.mp4
2710,2710.mp4
2711,2711.mp4
2712,2712.mp4
2713,2713.mp4
2714,2714.mp4
2715,2715.mp4
2716,2716.mp4
2717,2717.mp4
2718,2718.mp4
2719,2719.mp4
2720,2720.mp4
2721,2721.mp4
2722,2722.mp4
2723,2723.mp4
2724,2724.mp4
2725,2725.mp4
2726,2726.mp4
2727,2727.mp4
2728,2728.mp4
2729,2729.mp4
2730,2730.mp4
2731,2731.mp4
2732,2732.mp4
2733,2733.mp4
2734,2734.mp4
2735,2735.mp4
2736,2736.mp4
2737,2737.mp4
2738,2738.mp4
2739,2739.mp4
2740,2740.mp4
2741,2741.mp4
2742,2742.mp4
2743,2743.mp4
2744,2744.mp4
2745,2745.mp4
2746,2746.mp4
2747,2747.mp4
2748,2748.mp4
2749,2749.mp4
2750,2750.mp4
2751,2751.mp4
2752,2752.mp4
2753,2753.mp4
2754,2754.mp4
2755,2755.mp4
2756,2756.mp4
2757,2757.mp4
2758,2758.mp4
2759,2759.mp4
2760,2760.mp4
2761,2761.mp4
2762,2762.mp4
2763,2763.mp4
2764,2764.mp4
2765,2765.mp4
2766,2766.mp4
2767,2767.mp4
2768,2768.mp4
2769,2769.mp4
2770,2770.mp4
2771,2771.mp4
2772,2772.mp4
2773,2773.mp4
2774,2774.mp4
2775,2775.mp4
2776,2776.mp4
2777,2777.mp4
2778,2778.mp4
2779,2779.mp4
2780,2780.mp4
2781,2781.mp4
2782,2782.mp4
2783,2783.mp4
2784,2784.mp4
2785,2785.mp4
2786,2786.mp4
2787,2787.mp4
2788,2788.mp4
2789,2789.mp4
2790,2790.mp4
2791,2791.mp4
2792,2792.mp4
2793,2793.mp4
2794,2794.mp4
2795,2795.mp4
2796,2796.mp4
2797,2797.mp4
2798,2798.mp4
2799,2799.mp4
2800,2800.mp4
2801,2801.mp4
2802,2802.mp4
2803,2803.mp4
2804,2804.mp4
2805,2805.mp4
2806,2806.mp4
2807,2807.mp4
2808,2808.mp4
2809,2809.mp4
2810,2810.mp4
2811,2811.mp4
2812,2812.mp4
2813,2813.mp4
2814,2814.mp4
2815,2815.mp4
2816,2816.mp4
2817,2817.mp4
2818,2818.mp4
2819,2819.mp4
2820,2820.mp4
2821,2821.mp4
2822,2822.mp4
2823,2823.mp4
2824,2824.mp4
2825,2825.mp4
2826,2826.mp4
2827,2827.mp4
2828,2828.mp4
2829,2829.mp4
2830,2830.mp4
2831,2831.mp4
2832,2832.mp4
2833,2833.mp4
2834,2834.mp4
2835,2835.mp4
2836,2836.mp4
2837,2837.mp4
2838,2838.mp4
2839,2839.mp4
2840,2840.mp4
2841,2841.mp4
2842,2842.mp4
2843,2843.mp4
2844,2844.mp4
2845,2845.mp4
2846,2846.mp4
2847,2847.mp4
2848,2848.mp4
2849,2849.mp4
2850,2850.mp4
2851,2851.mp4
2852,2852.mp4
2853,2853.mp4
2854,2854.mp4
2855,2855.mp4
2856,2856.mp4
2857,2857.mp4
2858,2858.mp4
2859,2859.mp4
2860,2860.mp4
2861,2861.mp4
2862,2862.mp4
2863,2863.mp4
2864,2864.mp4
2865,2865.mp4
2866,2866.mp4
2867,2867.mp4
2868,2868.mp4
2869,2869.mp4
2870,2870.mp4
2871,2871.mp4
2872,2872.mp4
2873,2873.mp4
2874,2874.mp4
2875,2875.mp4
2876,2876.mp4
2877,2877.mp4
2878,2878.mp4
2879,2879.mp4
2880,2880.mp4
2881,2881.mp4
2882,2882.mp4
2883,2883.mp4
2884,2884.mp4
2885,2885.mp4
2886,2886.mp4
2887,2887.mp4
2888,2888.mp4
2889,2889.mp4
2890,2890.mp4
2891,2891.mp4
2892,2892.mp4
2893,2893.mp4
2894,2894.mp4
2895,2895.mp4
2896,2896.mp4
2897,2897.mp4
2898,2898.mp4
2899,2899.mp4
2900,2900.mp4
2901,2901.mp4
2902,2902.mp4
2903,2903.mp4
2904,2904.mp4
2905,2905.mp4
2906,2906.mp4
2907,2907.mp4
2908,2908.mp4
2909,2909.mp4
2910,2910.mp4
2911,2911.mp4
2912,2912.mp4
2913,2913.mp4
2914,2914.mp4
2915,2915.mp4
2916,2916.mp4
2917,2917.mp4
2918,2918.mp4
2919,2919.mp4
2920,2920.mp4
2921,2921.mp4
2922,2922.mp4
2923,2923.mp4
2924,2924.mp4
2925,2925.mp4
2926,2926.mp4
2927,2927.mp4
2928,2928.mp4
2929,2929.mp4
2930,2930.mp4
2931,2931.mp4
2932,2932.mp4
2933,2933.mp4
2934,2934.mp4
2935,2935.mp4
2936,2936.mp4
2937,2937.mp4
2938,2938.mp4
2939,2939.mp4
2940,2940.mp4
2941,2941.mp4
2942,2942.mp4
2943,2943.mp4
2944,2944.mp4
2945,2945.mp4
2946,2946.mp4
2947,2947.mp4
2948,2948.mp4
2949,2949.mp4
2950,2950.mp4
2951,2951.mp4
2952,2952.mp4
2953,2953.mp4
2954,2954.mp4
2955,2955.mp4
2956,2956.mp4
2957,2957.mp4
2958,2958.mp4
2959,2959.mp4
2960,2960.mp4
2961,2961.mp4
2962,2962.mp4
2963,2963.mp4
2964,2964.mp4
2965,2965.mp4
2966,2966.mp4
2967,2967.mp4
2968,2968.mp4
2969,2969.mp4
2970,2970.mp4
2971,2971.mp4
2972,2972.mp4
2973,2973.mp4
2974,2974.mp4
2975,2975.mp4
2976,2976.mp4
2977,2977.mp4
2978,2978.mp4
2979,2979.mp4
2980,2980.mp4
2981,2981.mp4
2982,2982.mp4
2983,2983.mp4
2984,2984.mp4
2985,2985.mp4
2986,2986.mp4
2987,2987.mp4
2988,2988.mp4
2989,2989.mp4
2990,2990.mp4
2991,2991.mp4
2992,2992.mp4
2993,2993.mp4
2994,2994.mp4
2995,2995.mp4
2996,2996.mp4
2997,2997.mp4
2998,2998.mp4
2999,2999.mp4
3000,3000.mp4
3001,3001.mp4
3002,3002.mp4
3003,3003.mp4
3004,3004.mp4
3005,3005.mp4
3006,3006.mp4
3007,3007.mp4
3008,3008.mp4
3009,3009.mp4
3010,3010.mp4
3011,3011.mp4
3012,3012.mp4
3013,3013.mp4
3014,3014.mp4
3015,3015.mp4
3016,3016.mp4
3017,3017.mp4
3018,3018.mp4
3019,3019.mp4
3020,3020.mp4
3021,3021.mp4
3022,3022.mp4
3023,3023.mp4
3024,3024.mp4
3025,3025.mp4
3026,3026.mp4
3027,3027.mp4
3028,3028.mp4
3029,3029.mp4
3030,3030.mp4
3031,3031.mp4
3032,3032.mp4
3033,3033.mp4
3034,3034.mp4
3035,3035.mp4
3036,3036.mp4
3037,3037.mp4
3038,3038.mp4
3039,3039.mp4
3040,3040.mp4
3041,3041.mp4
3042,3042.mp4
3043,3043.mp4
3044,3044.mp4
3045,3045.mp4
3046,3046.mp4
3047,3047.mp4
3048,3048.mp4
3049,3049.mp4
3050,3050.mp4
3051,3051.mp4
3052,3052.mp4
3053,3053.mp4
3054,3054.mp4
3055,3055.mp4
3056,3056.mp4
3057,3057.mp4
3058,3058.mp4
3059,3059.mp4
3060,3060.mp4
3061,3061.mp4
3062,3062.mp4
3063,3063.mp4
3064,3064.mp4
3065,3065.mp4
3066,3066.mp4
3067,3067.mp4
3068,3068.mp4
3069,3069.mp4
3070,3070.mp4
3071,3071.mp4
3072,3072.mp4
3073,3073.mp4
3074,3074.mp4
3075,3075.mp4
3076,3076.mp4
3077,3077.mp4
3078,3078.mp4
3079,3079.mp4
3080,3080.mp4
3081,3081.mp4
3082,3082.mp4
3083,3083.mp4
3084,3084.mp4
3085,3085.mp4
3086,3086.mp4
3087,3087.mp4
